{"id": 1, "log_normalizer": 14.485006484985352, "neg_log_det": -8.946670761108399, "neg_trace": -13.56165683746338, "loss": -8.023321113586427, "perf": 0.7640539213505616, "metadata": {"file": "data/1/tcl_1000_40_5_5_3_1_gauss_xtanh_u.npz", "latent_dim": 5, "batch_size": 64, "epochs": 20, "max_iter": null, "hidden_dim": 50, "depth": 3, "lr": 0.001, "seed": 1, "cuda": true, "preload": false, "anneal": false, "log_freq": 25, "i_what": "iFlow", "flow_type": "RQNSF_AG", "num_bins": 8, "nat_param_act": "Softplus", "gpu_id": "0", "flow_length": 10, "lr_drop_factor": 0.25, "lr_patience": 10, "path": "data/1/tcl_1000_40_5_5_3_1_gauss_xtanh_u.npz", "nps": 1000, "ns": 40, "n": 40000, "data_dim": 5, "aux_dim": 40, "final_performance": 0.7655229171665396, "final_loss": -8.038518905639648, "dataset_difficulty": 1.1891640424728394}}